Archivo Original;Nuevo Nombre de Archivo Sugerido
producto1.jpg;cadena-acero-cola-de-raton-cierre-barril.jpg
producto2.jpg;anillo-acero-cintillo-corazones-rosados.jpg
producto3.jpg;anillo-acero-treboles-esmaltados-multicolor.jpg
producto4.jpg;pulsera-acero-flexible-eslabones-cuadrados.jpg
producto5.jpg;collar-acero-dije-cerezas-esmaltadas.jpg
producto6.jpg;pulsera-acero-trenzada-malla-plana.jpg
producto7.jpg;pulsera-acero-dije-girasol-circones.jpg
producto8.jpg;collar-acero-dije-mariposa-piedras-violetas.jpg
producto9.jpg;collar-acero-dije-flor-nacar-circon.jpg
producto10.jpg;pulsera-acero-charm-cierre-trebol.jpg
producto11.jpg;pulsera-acero-cadena-fina-con-esferas.jpg
producto12.jpg;collar-cristal-facetado-azul-verde-cierre-acero.jpg
producto13.jpg;aros-acero-argolla-dije-trebol-rojo-glitter.jpg
producto14.jpg;collar-acero-dije-mariposa-nacar-circon-azul.jpg
producto15.jpg;pulsera-acero-eslabones-cruz-gotica.jpg
producto16.jpg;aros-acero-argolla-dije-flor-cristal-rosa.jpg
producto17.jpg;collar-acero-dije-mariposa-calada-circones.jpg
producto18.jpg;pulsera-acero-cadena-corazones-3d.jpg
producto19.jpg;anillo-acero-abierto-v-circones-multicolor.jpg
producto20.jpg;pulsera-acero-eslabones-corazon-piedra-roja.jpg
producto21.jpg;pulsera-acero-esclava-dije-redondo-doble-halo.jpg
producto22.jpg;collar-acero-dije-trebol-movil-circones-multicolor.jpg
producto23.jpg;collar-acero-dije-mariposa-cristal-celeste.jpg
producto24.jpg;collar-acero-dije-cerezas-hojas-con-circones.jpg
producto25.jpg;pulsera-acero-cadena-conchas-de-nacar.jpg
producto26.jpg;aros-acero-argolla-dije-trebol-fucsia-metalizado.jpg
producto27.jpg;collar-acero-dije-trebol-piedra-roja-con-halo.jpg
producto28.jpg;anillo-acero-abierto-colibri-cristal-tornasol.jpg
producto29.jpg;anillo-acero-mariposa-asim‚trica-multicolor.jpg
producto30.jpg;pulsera-acero-cadena-bolitas-y-barriles.jpg
producto31.jpg;anillo-acero-trebol-nacar-banda-circones.jpg
producto32.jpg;aros-acero-argolla-dije-flor-cristal-transparente.jpg
producto33.jpg;anillo-acero-abierto-doble-trebol-negro.jpg
producto34.jpg;anillo-acero-cintillo-corazones-negros.jpg
producto35.jpg;anillo-acero-cintillo-corazones-verdes-y-morados.jpg
producto36.jpg;aros-acero-argolla-ancha-baguette-multicolor.jpg
producto37.jpg;anillo-acero-mariposa-asim‚trica-circones-multicolor.jpg
producto38.jpg;anillo-acero-trebol-rojo-banda-circones.jpg
producto39.jpg;anillo-acero-sinfin-corazones-multicolor.jpg
producto40.jpg;anillo-acero-mariposa-grande-cristal-rojo.jpg
producto41.jpg;anillo-acero-abierto-mariposa-circones-rosados.jpg
producto42.jpg;anillo-acero-solitario-piedra-negra-y-circones.jpg
producto43.jpg;anillo-acero-esmalte-blanco-piedra-verde.jpg
producto44.jpg;anillo-acero-abierto-mariposa-esmalte-rojo.jpg
producto45.jpg;anillo-acero-abierto-mariposa-baguette-blancos.jpg
producto46.jpg;anillo-acero-tres-flores-giratorias-con-circones.jpg
producto47.jpg;anillo-acero-esfera-circones-multicolor.jpg
producto48.jpg;anillo-acero-esfera-circones-blancos.jpg
producto49.jpg;anillo-acero-mariposa-circones-rosados-baguette.jpg
producto50.jpg;anillo-acero-corazon-pixelado-con-circones.jpg
producto51.jpg;anillo-plata-coctel-esfera-circones-baguette.jpg
producto52.jpg;aros-plata-vintage-aldaba-inflados.jpg
producto53.jpg;anillo-plata-abierto-esfera-y-solitario.jpg
producto54.jpg;anillo-plata-compromiso-piedra-pera.jpg
producto55.jpg;aros-plata-argolla-rectangular-acanalada.jpg
producto56.jpg;aros-plata-argolla-inflada-tipo-croissant.jpg
producto57.jpg;aros-plata-flor-margarita-con-perla.jpg
producto58.jpg;aros-plata-media-argolla-textura-escamas.jpg
producto59.jpg;aros-plata-argolla-dije-mariposa-cristal-verde.jpg
producto60.jpg;aros-plata-argolla-dije-mariposa-cristal-rosa.jpg
producto61.jpg;collar-acero-dije-cerezas-corazon-cristal.jpg
producto62.jpg;aros-acero-dije-mono-corazones-cristal-rosa.jpg
producto63.jpg;pulsera-acero-charms-marinos-esmaltados.jpg
producto64.jpg;anillo-acero-flor-orquidea-pulido.jpg
producto65.jpg;collar-acero-dije-doble-trebol-nacar.jpg
producto66.jpg;Cadena Acero Dije Flor Nacar Blanca.jpg
producto67.jpg;aros-acero-argolla-dije-flor-glitter-lila.jpg
producto68.jpg y producto66.jpg;collar-acero-cadena-esferas-flor-nacar.jpg
producto69.jpg;aros-acero-argolla-dije-flor-glitter-turquesa.jpg
producto70.jpg;aros-flor-esmalte-negro-centro-dorado.jpg
producto71.jpg;set-collar-pulsera-acero-multidijes-y2k.jpg
producto72.jpg;collar-acero-dije-mariposa-cristal-rojo.jpg
producto73.jpg;collar-acero-dorado-charms-mariposa-perlas.jpg
producto74.jpg;aros-acero-dorado-argolla-trenza-calada-1-94gr.jpg
producto75.jpg;aros-acero-colgantes-dije-serpiente.jpg
producto76.jpg;aros-acero-argolla-dije-flor-glitter-rosa.jpg
producto77.jpg;aros-flor-esmalte-rosa-borde-dorado.jpg
producto78.jpg;cadena-acero-fina-singapur-diamantada.jpg
producto79.jpg;aros-acero-dorado-dije-flor-resina-celeste.jpg
producto80.jpg;collar-acero-dije-mariposa-cristal-verde.jpg
producto81.jpg;anillo-acero-mariposa-cristales-multicolor.jpg
producto82.jpg;anillo-acero-domo-circones-baguette-multicolor.jpg
producto83.jpg;anillo-acero-abierto-dos-mariposas-cristal.jpg
producto84.jpg;collar-acero-dije-mariposa-nacar-y-circones-fucsia.jpg
producto85.jpg;collar-acero-dije-trebol-piedra-rosa-con-halo.jpg
producto86.jpg;aros-acero-argolla-dije-trebol-esmalte-turquesa.jpg
producto87.jpg;pulsera-acero-dijes-tematica-marina.jpg
producto88.jpg;collar-acero-dije-trebol-piedra-verde-con-halo.jpg
producto89.jpg;pulsera-acero-fina-cadena-singapur.jpg
producto90.jpg;collar-acero-dije-mariposa-cristal-rosa.jpg
producto91.jpg;aros-acero-argolla-dije-trebol-esmalte-turquesa.jpg
producto92.jpg;pulsera-acero-cadena-corazones-calados.jpg
producto93.jpg;pulsera-acero-charm-cierre-corazon-circones.jpg
producto94.jpg;anillo-acero-mariposa-cristal-tornasol.jpg
producto95.jpg y producto98.jpg;aros-acero-argolla-dije-trebol-esmalte-rosa.jpg
producto96.jpg;anillo-acero-ajustable-tres-bandas-entrelazadas.jpg
producto97.jpg;pulsera-acero-fina-cadena-singapur-diamantada.jpg
producto99.jpg;collar-acero-dorado-dije-mariposa-glitter-rosa.jpg
producto100.jpg;collar-acero-dije-frutillas-esmaltadas.jpg
producto101.jpg;collar-acero-dije-cerezas-cristal-rojo.jpg
producto102.jpg;anillo-acero-solitario-piedra-fucsia.jpg
producto103.jpg;aros-acero-argolla-dije-cerezas-esmalte-glitter.jpg
producto104.jpg;aros-acero-argolla-triangular-con-circones.jpg
producto105.jpg;anillo-acero-diseno-cruzado-con-circones.jpg
producto106.jpg;anillo-acero-compromiso-talle-princesa.jpg
producto107.jpg;anillo-acero-esmalte-blanco-piedra-negra.jpg
producto108.jpg;anillo-acero-abierto-hoja-y-pera-con-circones.jpg
producto109.jpg;anillo-acero-sinfin-corazones-multicolor.jpg
producto110.jpg;anillo-acero-cintillo-corazones-y-circones.jpg
producto111.jpg;anillo-acero-abierto-trebol-negro-y-baguette.jpg
producto112.jpg;anillo-acero-mariposa-cristal-blanco-navette.jpg
producto113.jpg;anillo-acero-abierto-doble-gota-con-halo.jpg
producto114.jpg;anillo-acero-ancho-geometrico-baguette.jpg
producto115.jpg;anillo-acero-fino-flor-circones-multicolor.jpg
producto116.jpg;anillo-acero-abierto-mariposa-esmalte-verde.jpg
producto117.jpg;anillo-acero-corazon-circones-multicolor.jpg
producto118.jpg;anillo-acero-abierto-doble-gota-multicolor.jpg
producto119.jpg;anillo-acero-flor-calada-cristales-multicolor.jpg
producto120.jpg;anillo-acero-cruzado-trebol-negro-y-circones.jpg
producto121.jpg;anillo-acero-mariposa-asim‚trica-multicolor.jpg
producto122.jpg;anillo-acero-coctel-flor-circones-blancos.jpg
producto123.jpg;anillo-acero-flor-calada-circones-baguette.jpg
producto124.jpg;anillo-acero-mariposa-grande-mosaico-multicolor.jpg
producto125.jpg;anillo-acero-trebol-piedra-verde-con-halo.jpg
producto126.jpg;aros-acero-argolla-inflada-circulos-hundidos.jpg
producto127.jpg;aros-acero-argolla-fina-dije-mariposa-lisa.jpg
producto128.jpg;aros-acero-trepador-rama-de-laurel.jpg
producto129.jpg;aros-acero-stud-flor-grande-texturada.jpg
producto130.jpg;aros-acero-dije-trebol-cristal-rosa-facetado.jpg
producto131.jpg;pulsera-acero-multidijes-candado-hongo-aji.jpg
producto132.jpg;pulsera-acero-multidijes-poker-vino-luna.jpg
producto133.jpg;aros-acero-dije-trebol-cristal-rojo.jpg
producto134.jpg;pulsera-acero-cadena-fina-flores-de-perlas.jpg
producto135.jpg;aros-acero-stud-gota-inflada.jpg
producto136.jpg;aros-acero-dije-mariposa-acrilico-lila.jpg
producto137.jpg;aros-acero-dije-trebol-cristal-azul.jpg
producto138.jpg;aros-acero-argolla-dije-hongo-esmaltado.jpg
producto139.jpg;aros-acero-abridor-margarita-esmaltada.jpg
producto140.jpg;aros-acero-dorado-dije-flor-resina-marmoleada.jpg
producto141.jpg;aros-acero-dije-mariposa-negra.jpg
producto142.jpg;aros-acero-argolla-dije-mariposa-cristal-lila.jpg
producto143.jpg;collar-acero-dije-doble-trebol-negro.jpg
producto144.jpg;cadena-acero-fina-con-postas.jpg
producto145.jpg;aros-acero-abridor-sol-esmalte-rosa.jpg
producto146.jpg;aros-acero-abridor-corazon-cristal-negro.jpg
producto147.jpg;pulsera-acero-paperclip-broche-serpiente.jpg
producto148.jpg;aros-acero-abridor-triangulo-esmalte-rosa.jpg
producto149.jpg;aros-acero-infantil-pizza-esmaltada.jpg
producto150.jpg;cadena-acero-figaro-3x1-clasica.jpg
producto151.jpg;aro-acero-abridor-trebol-esmalte-rosa.jpg
producto152.jpg;aro-acero-abridor-escuadra-circones-azules.jpg
producto153.jpg;aro-acero-piercing-labret-ojo-turco.jpg
producto154.jpg;aros-acero-infantil-mano-fatima-ojo-turco.jpg
producto155.jpg;aro-acero-piercing-labret-cristal-princesa.jpg
producto156.jpg;aros-acero-abridor-margarita-esmaltada.jpg
producto157.jpg;aro-acero-abridor-corazon-cristal-lila.jpg
producto158.jpg;cadena-acero-fina-con-placas-ovaladas.jpg
producto159.jpg;aro-acero-piercing-labret-ojo-turco-rosa.jpg
producto160.jpg;aro-acero-piercing-labret-cristal-verde-trillon.jpg
producto161.jpg;cadena-acero-fina-veneciana-clasica.jpg
producto162.jpg;aros-flor-esmalte-turquesa-borde-dorado.jpg
producto163.jpg;aros-acero-infantil-ojo-turco-pestanas.jpg
producto164.jpg;aro-acero-piercing-logo-barbie-rosa.jpg
producto165.jpg;aro-acero-abridor-corazon-cristal-celeste.jpg
producto166.jpg;aro-acero-piercing-labret-bolita-minimalista.jpg
producto167.jpg;aro-acero-abridor-cristal-verde-oscuro.jpg
producto168.jpg;aros-acero-infantil-gatito-3d.jpg
producto169.jpg;aros-flor-esmalte-lila-borde-dorado.jpg
producto170.jpg;aros-acero-abridor-cristal-violeta.jpg
producto171.jpg;aro-acero-abridor-mariposa-esmalte-rosa.jpg
producto172.jpg;aros-acero-abridor-ojo-turco-pestanas.jpg
producto173.jpg;aro-acero-piercing-labret-mariposa-verde.jpg
producto174.jpg;aro-acero-piercing-labret-cristal-rosa-navette.jpg
producto175.jpg;aros-acero-trepador-cuatro-circulos-texturizados.jpg
producto176.jpg;aro-acero-abridor-corazon-cristal-celeste.jpg
producto177.jpg;aro-acero-abridor-luna-texturizada.jpg
producto178.jpg;aros-acero-abridor-vaquita-san-antonio.jpg
producto179.jpg;aro-acero-piercing-labret-estrella-verde-menta.jpg
producto180.jpg;aros-acero-dije-mariposa-acrilico-rosa.jpg
producto181.jpg;cadena-acero-fina-con-bolitas-espaciadas.jpg
producto182.jpg;aros-acero-dije-mariposa-acrilico-blanco.jpg
producto183.jpg;aro-acero-abridor-pera-cristal-verde-agua.jpg
producto184.jpg;aro-acero-abridor-trebol-esmalte-celeste.jpg
producto185.jpg;aro-acero-abridor-corazon-cristal-verde-claro.jpg
producto186.jpg;aro-acero-piercing-labret-bolita-diamantada.jpg
producto187.jpg;aro-acero-abridor-pera-cristal-celeste.jpg
producto188.jpg;aro-acero-abridor-corazon-cristal-celeste.jpg
producto189.jpg;aro-acero-abridor-princesa-cristal-fucsia.jpg
producto190.jpg;aros-acero-abridor-corazon-flechado-negro.jpg
producto191.jpg;aros-acero-dorado-huggie-estrellas-circones-2-95gr.jpg
producto192.jpg;aro-acero-abridor-trebol-esmalte-turquesa.jpg
producto193.jpg;aros-acero-abridor-cristal-redondo-celeste.jpg
producto194.jpg;aro-acero-abridor-corazon-piedra-aguamarina.jpg
producto195.jpg;aros-acero-dorado-argolla-dije-corazon-calado-3-51gr.jpg
producto196.jpg;aro-acero-abridor-corazon-cristal-verde-claro.jpg
producto197.jpg;pulsera-acero-esclava-dije-redondo-circones.jpg
